scheme_name,returns_5yr,predicted_5yr
Quant Infrastructure Fund,21.1,22.789513
Quant Small Cap Fund,23.2,20.319424
Quant Tax Plan- Direct Growth,22.2,18.679546
Quant Flexi Cap Fund,18.2,18.456089
Quant Multi Asset Fund,20.5,18.351341
Quant Mid Cap Fund,19.8,17.517448
PGIM India Midcap Opportunities Fund,19.0,17.420769
Parag Parikh Flexi Cap Fund,17.6,17.280987
Sundaram LT MC Tax Advantage Fund,9.8,17.20783
Nippon India Small Cap Fund,16.8,16.793976
Quant Absolute Fund,19.1,16.663006
DSP Natural Resources & New Energy – Direct Growth,12.0,16.621017
Kotak Infrastructure & Ecoc. Reform-SP-DirGrowth,13.9,16.377296
Quant Active Fund,19.9,16.222408
ICICI Pru Infrastructure Fund,15.1,16.126305
Sundaram LT MC Tax Advantage Fund,9.5,16.106964
Tata Resources & Energy Fund,15.5,16.10422
Kotak Emerging Equity Fund,15.2,16.018948
Sundaram LT MC Tax Advantage Fund,8.6,16.014582
Motilal Oswal Midcap Fund,16.4,15.843689
AXIS Small Cap Fund,19.4,15.720971
HDFC Mid-Cap Opportunities Fund,13.1,15.684176
Kotak Small Cap Fund,17.0,15.549918
SBI Contra Fund,15.6,15.481845
HSBC Small Cap Fund,12.7,15.419464
Kotak India Growth Fund,15.6,15.363093
PGIM India Flexi Cap Fund,15.7,15.358999
SBI Magnum Midcap Fund,13.5,15.116305
HDFC Flexi Cap Fund,14.0,14.89311
ICICI Pru Multi-Asset Fund,14.2,14.7936125
ICICI Pru Smallcap Fund,14.9,14.768101
SBI Small Cap Fund,15.3,14.6035795
HDFC Small Cap Fund,13.5,14.565468
Mirae Asset Emerging Bluechip Fund,15.1,14.546467
SBI Long Term Advantage Fund,19.5,14.538882
Bank of India Manufacturing & Infrastr Fund,11.5,14.521373
Quant Focused Fund,13.1,14.46555
Edelweiss Mid Cap Fund,14.0,14.4108
ICICI Pru Technology Fund,21.6,14.308083
SBI Consumption Opportunities Fund,12.7,14.230935
Nippon India Consumption Fund,14.6,14.204349
Nippon India Growth Fund,14.5,14.159204
AXIS Midcap Fund,15.8,14.098807
ICICI Pru Bluechip Fund,12.3,14.089773
DSP India T.I.G.E.R. Fund,11.9,14.071765
SBI Infrastructure Fund,13.0,14.071345
Mirae Asset Tax Saver Fund,15.3,14.064538
Canara Robeco Infrastructure – Direct Growth,12.2,14.053533
Nippon India Power & Infra Fund,10.1,14.034598
IDBI Small Cap Fund,12.6,14.0309305
SBI Large & Midcap Fund,13.6,14.028314
HDFC Focused 30 Fund,11.9,14.016866
Tata Digital India Fund,22.1,13.924121
Aditya Birla SL Digital India Fund,21.1,13.915618
Quant Large and Mid Cap Fund,14.2,13.912076
Nippon India Multi Cap Fund,13.2,13.899913
ICICI Pru Large & Mid Cap Fund,13.7,13.875169
Invesco India Infrastructure Fund,14.6,13.864227
Mahindra Manulife Mid Cap Fund,14.7,13.861001
Templeton India Equity Income Fund,14.5,13.737111
UTI-Transportation & Logistics Fund,5.1,13.7274275
Tata Infrastructure Fund,13.1,13.724662
Mahindra Manulife Multi Cap Fund,15.8,13.672671
HSBC Infrastructure Fund,9.3,13.65999
SBI Long Term Advantage Fund,15.4,13.587674
IIFL Focused Equity Fund,18.1,13.562133
Franklin India Smaller Companies Fund,11.2,13.523542
ICICI Pru Value Discovery Fund,14.9,13.453872
Franklin India Flexi Cap Fund,12.0,13.375735
Kotak Flexi Cap Fund,11.7,13.347552
ICICI Pru Dividend Yield Equity Fund,12.1,13.336878
Kotak Equity Opportunities – Direct Growth,13.9,13.316293
PGIM India Elss Tax Saver Fund,13.7,13.257087
Canara Robeco Flexi Cap Fund,13.8,13.236994
Sundaram Multi Cap Fund,11.0,13.229158
SBI Long Term Advantage Fund,14.0,13.194089
Sundaram Small Cap Fund,9.3,13.187121
ICICI Pru Focused Equity Fund,13.4,13.167459
Franklin Build India Fund,13.3,13.167226
Kotak Bluechip Fund,12.6,13.162084
Mirae Asset Large Cap Fund,12.1,13.157014
Canara Robeco Bluechip Equity Fund,14.4,13.152784
ICICI Pru Equity & Debt Fund,14.3,13.145121
SBI Technology Opportunities Fund,21.0,13.068776
Baroda BNP Paribas Mid Cap Fund,13.6,13.044413
SBI Long Term Advantage Fund,14.5,13.01587
SBI BlueChip Fund,11.4,13.015521
ICICI Pru Multicap Fund,11.8,12.9588995
HDFC Multi-Asset Fund,10.9,12.957465
Nippon India Banking&Financial Services-DirGrowth,9.5,12.882553
DSP Small Cap Fund,12.5,12.878331
HDFC Balanced Advantage Fund,12.9,12.866769
UTI-Mid Cap Fund,11.4,12.857842
Baroda BNP Paribas Multi Cap Fund,12.3,12.857472
Union Small Cap Fund,12.8,12.85565
Mahindra Manulife ELSS Fund,12.0,12.8412895
Mirae Asset Great Consumer Fund,14.0,12.839136
Bank of India Midcap Tax Fund,10.6,12.813064
SBI Tax Advantage Fund,21.8,12.801394
Canara Robeco Equity Tax Saver Fund,15.5,12.776826
Kotak Tax Saver Fund,14.4,12.7238655
Navi Large & Midcap Fund,12.7,12.705522
HDFC Large and Mid Cap Fund,12.8,12.699288
Sundaram Infrastructure Advantage Fund,9.1,12.549527
ICICI Pru MidCap Fund,11.1,12.511138
ICICI Pru Long Term Wealth Enhancement Fund,11.3,12.472904
Invesco India Contra Fund,12.3,12.449861
Invesco India Multicap Fund,11.0,12.408313
Navi Large Cap Equity Fund,12.4,12.38574
UTI-Flexi Cap Fund,12.2,12.383492
Nippon India Large Cap Fund,12.6,12.368543
Canara Robeco Emerging Equities – Direct Growth,12.6,12.358957
Tata Mid Cap Growth Fund,13.5,12.334792
Edelweiss Large & Mid Cap Fund,13.2,12.319688
ICICI Pru Asset Allocator Fund,12.8,12.31709
HDFC Dynamic PE Ratio Fund,11.1,12.287779
Franklin India Focused Equity Fund,12.9,12.277721
DSP Tax Saver Fund,13.3,12.2685995
Kotak India EQ Contra Fund,14.2,12.266959
HDFC Housing Opportunities Fund,7.9,12.26485
DSP Nifty 50 Equal Weight Index Fund,10.7,12.255168
ICICI Pru Long Term Equity Fund,11.5,12.235344
Templeton India Value Fund,12.3,12.219432
LIC MF Infrastructure Fund,11.2,12.207089
ICICI Pru Exports and Services Fund,11.4,12.198167
Invesco India Midcap Fund,14.6,12.196782
Sundaram Fin Serv Opportunities – Direct Growth,12.6,12.192525
Tata Large & Mid Cap Fund,14.0,12.18741
SBI Equity Hybrid Fund,10.8,12.185094
Edelweiss Flexi Cap Fund,12.1,12.164758
HDFC Gold Fund,13.4,12.148872
ICICI Pru FMCG Fund,13.5,12.1065645
Aditya Birla SL Frontline Equity Fund,10.6,12.058999
Tata Banking & Financial Services Fund,12.6,11.9983
Sundaram LT Tax Advantage Fund,12.5,11.981736
Nippon India Focused Equity Fund,11.9,11.967513
Bank of India Mid & Small Cap Equity & Debt Fund,10.4,11.960598
Union Flexi Cap Fund,12.9,11.935497
AXIS Bluechip Fund,12.1,11.930266
ICICI Pru S&P BSE Sensex Index Fund,12.9,11.919406
ICICI Pru Banking & Financial Services – DirectGrowth,9.7,11.9180155
HDFC Index Fund,12.8,11.910145
SBI Long Term Equity Fund,11.6,11.90058
HDFC Infrastructure Fund,5.3,11.89706
ICICI Pru Income Optimizer Fund,8.8,11.895608
Edelweiss Large Cap Fund,12.8,11.895587
Bank of India Tax Advantage Fund,13.2,11.891749
HDFC Top 100 Fund,11.9,11.886201
ICICI Pru Passive Strategy Fund,10.9,11.871099
SBI Flexi Cap Fund,11.0,11.865809
UTI-Mastershare – Direct Growth,11.5,11.860901
Franklin India Opportunities Fund,11.5,11.847558
Canara Robeco Consumer Trends Fund,15.1,11.825697
Nippon India Index Fund,13.0,11.825385
Tata Ethical Fund,13.1,11.797525
Union Long Term Equity Fund,12.8,11.788299
Invesco India Largecap Fund,11.1,11.7762
Invesco India Gold Fund,13.2,11.77056
Navi 3 In 1 Fund,12.4,11.751592
Sundaram LT Tax Advantage Fund,11.5,11.735382
HDFC Tax Saver Fund,10.3,11.688925
ICICI Pru Thematic Advantage Fund,14.6,11.688672
LIC MF Nifty 50 Index Fund,11.7,11.6736
JM Flexicap Fund,13.8,11.665916
HSBC Midcap Fund,8.8,11.653657
Aditya Birla SL Infrastructure Fund,9.2,11.623521
Tata S&P BSE Sensex Index Fund,12.8,11.62304
Sundaram Large and Mid Cap Fund,11.7,11.604787
Aditya Birla SL FP FoF – Aggressive – Direct Growth,10.7,11.578354
ICICI Pru Regular Gold Savings Fund,13.1,11.551143
Sundaram Mid Cap Fund,8.2,11.550661
ICICI Pru Nifty 50 Index Fund,11.9,11.536413
ICICI Pru Balanced Advantage Fund,10.4,11.532992
SBI Banking & Financial Services Fund,12.5,11.530857
Baroda BNP Paribas Focused Fund,9.9,11.529864
Franklin India Taxshield – Direct Growth,11.4,11.525177
Tata Nifty 50 Index Fund,12.0,11.523499
SBI Nifty Index Fund,11.8,11.517901
Sundaram Focused Fund,13.1,11.477025
UTI-Nifty 50 Index Fund,12.0,11.47627
IDBI India Top 100 Equity Fund,12.4,11.4505625
Aditya Birla SL Nifty 50 Index Fund,11.6,11.445408
HDFC Retirement Savings Fund,14.8,11.438722
HDFC Index Fund,12.0,11.429439
Franklin India NSE Nifty 50 Index Fund,11.6,11.427907
Tata India Pharma & Healthcare Fund,14.8,11.408469
AXIS Gold Fund,13.7,11.39521
DSP Equity Opportunities Fund,11.7,11.392027
Kotak Multi Asset Allocator FoF – Dynamic – Direct Growth,15.3,11.387754
HSBC Business Cycles Fund,8.7,11.382943
Nippon India Quant Fund,11.9,11.37345
Indiabulls Tax Savings Fund,7.8,11.360938
Baroda BNP Paribas Large Cap Fund,12.8,11.352072
IDBI Nifty 50 Index Fund,11.8,11.341242
AXIS Flexi Cap Fund,12.3,11.32684
SBI Gold Fund,13.4,11.3230505
Nippon India Index Fund,11.9,11.314212
Motilal Oswal Long Term Equity Fund,10.0,11.313991
Edelweiss Recently Listed IPO Fund,10.9,11.298516
LIC MF S&P BSE Sensex Index Fund,12.6,11.269117
SBI Multi Asset Allocation Fund,9.6,11.255172
Quantum Equity Fund,9.1,11.2444725
SBI Focused Equity Fund,12.2,11.240578
HDFC Children’s Gift Fund,12.9,11.230453
Aditya Birla SL Flexi Cap Fund,10.4,11.227987
IDBI Focused 30 Equity Fund,10.2,11.203782
Franklin India Dynamic Asset Allocation FoFs-Dir-G,9.2,11.188434
DSP Flexi Cap Fund,12.0,11.145854
Aditya Birla SL Dividend Yield Fund,10.0,11.138962
Aditya Birla SL India GenNext Fund,13.3,11.123071
Edelweiss Aggressive Hybrid Fund,13.0,11.103345
IDBI Gold Fund,12.9,11.094352
Nippon India Gold Savings Fund,13.1,11.082055
SBI Healthcare Opportunities Fund,13.6,11.077765
Nippon India Pharma Fund,15.6,11.070623
Aditya Birla SL Gold Fund,13.2,11.065521
UTI-Core Equity Fund,10.2,11.0651455
Sundaram Tax Savings Fund,9.9,11.064828
UTI-Infrastructure Fund,9.4,11.03884
Edelweiss Long Term Equity Fund,10.2,11.02609
Franklin India Technology Fund,15.9,11.024976
Quantum Tax Saving Fund,8.9,11.0192375
Tata India Consumer Fund,10.6,10.989743
HSBC Value Fund,11.6,10.961972
SBI Magnum Comma Fund,11.3,10.946965
Kotak Gold Fund,13.7,10.91248
Quantum Gold Savings Fund,13.0,10.896607
Aditya Birla SL Focused Equity Fund,10.7,10.886597
DSP World Gold Fund,10.2,10.880843
Franklin India Prima Fund,10.0,10.880374
Sundaram Diversified Equity – Direct Growth,8.9,10.825819
Aditya Birla SL FP FoF – Moderate – Direct Growth,9.4,10.804836
Invesco India Growth Opportunities Fund,11.0,10.796051
Invesco India Financial Services Fund,10.9,10.794199
Aditya Birla SL Banking&Financial Services-DirGrowth,9.2,10.784385
Aditya Birla SL Asset Allocator FoF-Dir Growth,9.7,10.757548
Sundaram Nifty 100 Equal Weight Fund,8.2,10.757149
Baroda BNP Paribas Aggressive Hybrid Fund,13.3,10.743079
UTI-Banking and Financial Services Fund,6.7,10.736398
Taurus Tax Shield – Direct Growth,10.6,10.727383
DSP World Mining Fund,15.0,10.712507
Sundaram Dividend Yield Fund,11.7,10.683525
JM Large Cap Fund,10.4,10.6823
Franklin India Equity Advantage Fund,9.2,10.680571
JM Tax Gain Fund,12.8,10.676085
HSBC Corporate Bond Fund,13.3,10.675588
LIC MF Large & Mid Cap Fund,10.9,10.670508
Invesco India PSU Equity Fund,12.6,10.647431
DSP Midcap Fund,9.5,10.610714
Aditya Birla SL Small Cap Fund,5.4,10.604463
Franklin India Bluechip Fund,9.7,10.594694
UTI-Long Term Equity Fund,10.9,10.576913
UTI-Multi Asset Fund,7.5,10.572209
SBI Magnum Global Fund,11.5,10.57091
Aditya Birla SL Midcap Fund,8.3,10.539088
Aditya Birla SL FP FoF – Conservative – Direct Growth,8.2,10.52993
HSBC Flexi Cap Fund,9.2,10.514772
Taurus Nifty 50 Index Fund,12.3,10.503892
Tata Large Cap Fund,11.3,10.492094
IDBI Midcap Fund,7.7,10.481973
Tata India Tax Savings Fund,12.0,10.474181
Taurus Infrastructure Fund,8.9,10.461691
Union Largecap Fund,9.9,10.452103
UTI-Dividend Yield Fund,11.3,10.422545
LIC MF Banking & Fina Serv Fund,8.5,10.391797
HSBC Equity Hybrid Fund,13.3,10.384784
Kotak Equity Hybrid Fund,12.8,10.382968
HDFC Hybrid Equity Fund,11.3,10.374915
AXIS Triple Advantage Fund,10.4,10.301743
Aditya Birla SL Active Debt Multi-Mgr FoF-Dir Growth,6.9,10.297993
Quantum Multi Asset Fund,8.1,10.29629
Mirae Asset Hybrid – Equity Fund,12.2,10.289857
DSP Focus Fund,8.9,10.275254
HSBC Managed Solutions Growth Fund,9.2,10.254197
Taurus Banking & Financial Services-Direct Growth,11.9,10.243013
PGIM India GEO Fund,14.1,10.238978
Baroda BNP Paribas ELSS Fund,10.5,10.19874
Nippon India Value Fund,12.2,10.16379
Nippon India Tax Saver (ELSS) Fund,6.5,10.15722
PGIM India Large Cap Fund,10.9,10.152656
Nippon India Vision Fund,9.3,10.1417055
ICICI Pru Debt Management Fund,7.0,10.097377
UTI-Healthcare Fund,12.0,10.096224
JM Equity Hybrid Fund,11.2,10.080945
Tata Young Citizens Fund,10.3,10.072516
Quantum Long Term Equity Value Fund,8.8,10.054073
Taurus Discovery (Midcap) Fund,10.9,10.053051
Sundaram Consumption Fund,8.8,10.047704
SBI PSU Fund,7.4,9.987078
L&T Focused Equity Fund,11.3,9.977264
Invesco India Tax Plan – Direct Growth,10.8,9.972234
Motilal Oswal Focused Fund,10.6,9.963331
SBI Magnum Children’s Benefit Fund,8.3,9.961713
AXIS Corporate Debt Fund,7.3,9.95232
JM Value Fund,12.4,9.905025
ICICI Pru Child Care Fund,8.8,9.896649
Franklin India Feeder – Franklin U.S. Opp.-Dir Growth,11.6,9.888294
PGIM India Ultra Short Duration Fund,7.3,9.878539
HSBC Large Cap Fund,10.6,9.868203
Indiabulls Bluechip Fund,9.5,9.849466
SBI Magnum Equity ESG Fund,12.2,9.829112
UTI-Value Opportunities Fund,12.2,9.820237
HSBC ELSS Fund,8.0,9.804433
Invesco India – Invesco GEI Fund,9.5,9.803012
IDBI Nifty Next 50 Index Fund,6.2,9.766723
Edelweiss Greater China Equity Off-Shore Fund,6.1,9.7663145
HDFC Capital Builder Value Fund,11.3,9.763677
Franklin India Multi-Asset Solution Fund,5.3,9.763221
ICICI Pru Nifty Next 50 Index Fund,6.1,9.762523
Tata Equity P/E Fund,10.0,9.75147
Mahindra Manulife Equity Savings Fund,13.3,9.73911
L&T India Large Cap Fund,12.1,9.726087
Kotak Debt Hybrid Fund,10.0,9.722423
DSP Top 100 Equity Fund,8.9,9.697402
Edelweiss Balanced Advantage Fund,12.0,9.687905
AXIS Children’s Gift Fund,10.1,9.6833105
HSBC Managed Solutions Moderate Fund,8.7,9.674195
LIC MF Tax Plan – Direct Growth,9.9,9.65026
Taurus Ethical Fund,11.4,9.64424
Edelweiss Europe Dynamic Equity Offshore – Dir Growth,7.6,9.625159
Aditya Birla SL Balanced Advantage Fund,9.7,9.578008
Motilal Oswal Equity Hybrid Fund,13.3,9.566047
Bandhan Asset Allocation FoF – Moderate – Direct Growth,6.9,9.556788
AXIS Focused 25 Fund,8.9,9.539609
DSP US Flexible Equity Fund,13.6,9.53268
Nippon India US Equity Opportunities Fund,13.3,9.517415
Bank of India Large & Mid Cap Equity Fund,9.5,9.5032
UTI-Hybrid Equity Fund,9.8,9.478566
ICICI Pru Global Stable Equity Fund,10.3,9.461497
Aditya Birla SL Global Emerging Oppt Fund,8.3,9.44322
JM Focused Fund,8.6,9.415942
Edelweiss US Value Equity Offshore Fund,11.5,9.415565
HSBC Tax Saver Equity Fund,8.9,9.412454
WhiteOak Capital Overnight Fund,13.3,9.405116
Sundaram Global Brand Fund,7.7,9.396264
ICICI Pru US Bluechip Equity Fund,15.9,9.39259
SBI Conservative Hybrid Fund,8.8,9.376845
IDBI Equity Advantage Fund,11.3,9.368297
AXIS Long Term Equity Fund,9.4,9.343713
UTI-CCF Investment Plan – Direct Growth,10.1,9.320622
Aditya Birla SL Manufacturing Equity Fund,6.8,9.304418
Baroda BNP Paribas Banking&Fin Serv Fund,9.1,9.282107
Taurus Largecap Equity Fund,7.6,9.276396
HDFC Retirement Savings Fund,7.8,9.264783
LIC MF Large Cap Fund,10.9,9.255542
Union Balanced Advantage Fund,10.2,9.251346
Canara Robeco Equity Hybrid Fund,12.2,9.227958
Aditya Birla SL Pure Value Fund,4.3,9.18696
HSBC Asia Pacific (Ex Japan) DYF – Direct Growth,5.7,9.166695
DSP Equity Savings Fund,7.8,9.15796
Aditya Birla SL Inter Equity – Plan B-Direct Growth,7.6,9.141019
Aditya Birla SL CEF – Global Agri Plan-Direct Growth,9.3,9.093591
LIC MF Flexi Cap Fund,8.8,9.021899
ICICI Pru Retirement Fund,13.3,9.016953
AXIS Balanced Advantage Fund,8.0,8.9740305
UTI-MNC Fund,7.9,8.950248
HDFC Retirement Savings Fund,12.3,8.9497385
Aditya Birla SL Equity Advantage Fund,7.9,8.938813
Nippon India Balanced Advantage Fund,10.1,8.9353485
LIC MF Children’s Gift Fund,7.6,8.900161
Kotak Equity Savings Fund,9.2,8.893336
Sundaram Balanced Advantage Fund,7.2,8.876812
Canara Robeco Conservative Hybrid Fund,9.4,8.862926
HDFC Equity Savings Fund,8.8,8.852603
DSP Global Allocation Fund,7.9,8.843606
Edelweiss Equity Savings Fund,9.0,8.824021
Tata Retirement Savings Fund,11.3,8.823543
UTI-India Consumer Fund,8.4,8.76892
Quant Liquid Plan – Direct Growth,5.9,8.731506
Navi ELSS Tax Saver Fund,10.5,8.686355
Sundaram Aggressive Hybrid Fund,9.7,8.642241
Motilal Oswal Flexi Cap Fund,4.9,8.628057
Indiabulls Value Fund,6.3,8.617224
HSBC Managed Solutions Conservative Fund,5.9,8.567145
Taurus Flexi Cap Fund,5.4,8.522025
Nippon India Retirement Fund,6.7,8.51686
Tata Equity Saving Fund,7.5,8.485676
SBI Equity Savings Fund,8.1,8.438278
ICICI Pru Equity Savings Fund,7.9,8.418349
Aditya Birla SL Medium Term Plan – Direct Growth,8.6,8.4167795
Tata Hybrid Equity Fund,10.5,8.414473
ICICI Pru Gilt Fund,8.4,8.3849535
Franklin India Equity Hybrid Fund,11.0,8.377673
Nippon India Equity Hybrid Fund,5.9,8.359124
IIFL Dynamic Bond Fund,6.5,8.348473
Tata Retirement Savings Fund,9.4,8.313007
HSBC Equity Savings Fund,7.5,8.275805
Nippon India Banking & PSU Debt Fund,7.4,8.274282
Aditya Birla SL Tax Relief ’96 – Direct Growth,5.8,8.258704
JM Low Duration Fund,5.3,8.182557
Sundaram Equity Savings Fund,9.9,8.150079
Aditya Birla SL Inter Equity – Plan A-Direct Growth,10.4,8.133262
Kotak Gilt – Invest Plan – Direct Growth,8.4,8.124344
Kotak Gilt Invest – PF & Trust Plan – Direct Growth,8.4,8.123906
Mirae Asset Dynamic Bond Fund,7.2,8.120652
ICICI Pru Regular Savings Fund,9.0,8.10616
AXIS Gilt Fund,7.9,8.09972
SBI Magnum Gilt Fund,8.3,8.058916
UTI-Retirement Benefit Pension Plan – Direct,7.5,8.056083
PGIM India Equity Savings Fund,8.0,8.048023
LIC MF G-Sec Fund,7.7,8.033392
Invesco India Dynamic Equity Fund,7.4,8.012979
Kotak Dynamic Bond Fund,7.8,8.005018
PGIM India Hybrid Equity Fund,9.0,7.990492
Aditya Birla SL Equity Hybrid ’95 Fund,7.7,7.9681873
Edelweiss Govt Securities Fund,8.2,7.9380507
AXIS Dynamic Bond Fund,7.7,7.927718
IDBI Hybrid Equity Fund,7.0,7.902366
ICICI Pru All Seasons Bond Fund,8.2,7.8920116
Aditya Birla SL Floating Rate Fund,6.8,7.891285
Nippon India Corporate Bond Fund,7.0,7.872426
Franklin India G-Sec Fund,6.3,7.8706956
Bank of India Conservative Hybrid Fund,6.4,7.8392124
DSP Dynamic Asset Allocation Fund,8.3,7.8373218
PGIM India Gilt Fund,7.0,7.8335414
UTI-Unit Linked Insurance Plan – Direct,6.2,7.8017187
AXIS Banking & PSU Debt Fund,7.2,7.7972527
Shriram Hybrid Equity Fund,8.9,7.7820053
Aditya Birla SL Regular Savings Fund,7.6,7.7621574
Canara Robeco Gilt Fund,7.0,7.7571754
Tata Retirement Savings Fund,7.1,7.726897
Baroda BNP Paribas Gilt Fund,6.8,7.6913986
AXIS Strategic Bond Fund,7.4,7.6827474
Aditya Birla SL Govt Securities Fund,8.0,7.6723146
HSBC Gilt Fund,7.1,7.669739
UTI-Ultra Short Term Fund,5.7,7.661743
ICICI Pru Ultra Short Term Fund,6.7,7.6610622
Franklin India Debt Hybrid Fund,7.0,7.655453
Edelweiss Banking & Psu Debt Fund,7.9,7.648884
Mirae Asset Short Term Fund,6.7,7.644025
DSP Equity & Bond Fund,10.7,7.643543
Aditya Birla SL Dynamic Bond Fund,6.0,7.6311913
Nippon India Dynamic Bond Fund,6.7,7.629775
Aditya Birla SL Banking&PSU Debt Fund,7.3,7.619392
ICICI Pru Corporate Bond Fund,7.3,7.6150436
Motilal Oswal Balance Advantage Fund,5.6,7.6123657
HSBC Balanced Advantage Fund,8.0,7.545495
HSBC Dynamic Bond Fund,6.8,7.509736
Nippon India Short Term Fund,7.2,7.506825
SBI Liquid Fund,5.3,7.4725633
AXIS Equity Saver Fund,8.8,7.470664
Franklin India Corporate Debt Fund,7.0,7.4472437
Aditya Birla SL Savings Fund,6.5,7.4187465
PGIM India Corporate Bond Fund,6.9,7.4151497
ICICI Pru Banking & PSU Debt Fund,7.2,7.413767
Nippon India USD Fund,5.9,7.4107037
Sundaram Ultra Short Duration Fund,4.5,7.4017305
DSP G-Sec Fund,8.6,7.3871574
SBI Dynamic Bond Fund,7.9,7.3745217
Canara Robeco Dynamic Bond Fund,6.6,7.369565
Canara Robeco Corporate Bond Fund,6.7,7.360035
HSBC Banking and PSU Debt Fund,6.5,7.324645
PGIM India Dynamic Bond Fund,7.4,7.3221326
Nippon India Hybrid Bond Fund,3.4,7.3153768
Aditya Birla SL Corporate Bond Fund,7.4,7.26385
Nippon India GSF – Direct Growth,8.3,7.262707
JM Dynamic Bond Fund,6.1,7.2387238
UTI-Regular Savings Fund,7.2,7.228989
HDFC Corporate Bond Fund,7.3,7.197789
Nippon India Floating Rate Fund,7.1,7.196474
Sundaram Corporate Bond Fund,7.3,7.18445
Kotak Banking and PSU Debt Fund,7.5,7.1654615
ICICI Pru Medium Term Bond Fund,7.6,7.148231
Aditya Birla SL Income Fund,7.7,7.126524
Mahindra Manulife Low Duration Fund,6.4,7.1263165
Nippon India Retirement Fund,7.4,7.1187506
HSBC Corporate Bond Fund,7.6,7.1033316
HDFC Floating Rate Debt Fund,6.9,7.0752726
AXIS Regular Saver Fund,7.0,7.066201
Bank of India Balanced Advantage Fund,5.1,7.04295
DSP Strategic Bond Fund,7.3,7.0335073
SBI Banking and PSU Fund,7.0,7.0273476
UTI-Short Term Income Fund,5.4,7.0142393
UTI-Gilt Fund,7.3,6.9996414
Indiabulls Short Term Fund,5.9,6.9961033
LIC MF Banking & PSU Debt Fund,6.8,6.986268
Quantum Dynamic Bond Fund,6.9,6.9681034
Navi Regular Savings Fund,6.5,6.96581
DSP Banking & Psu Debt Fund,6.9,6.9552717
HSBC Aggressive Hybrid Fund,8.1,6.951836
HSBC Flexi Debt Fund,13.3,6.94149
PGIM India Banking&PSU Debt Fund,7.1,6.939289
Kotak Corporate Bond Fund,7.1,6.930572
HDFC Gilt Fund,6.4,6.921566
Tata Gilt Securities Fund,6.9,6.903078
Invesco India Banking & PSU Debt Fund,6.4,6.8963423
Baroda BNP Paribas Conservative Hybrid Fund,7.7,6.886115
Invesco India Corporate Bond Fund,6.9,6.8775606
Aditya Birla SL Equity Savings Fund,6.9,6.86792
Baroda BNP Paribas Dynamic Bond Fund,6.6,6.8636446
Tata Money Market Fund,4.8,6.8531494
Kotak Savings Fund,6.2,6.8528376
ICICI Pru Short Term Fund,7.7,6.8185377
UTI-Bond Fund,4.4,6.8036494
Baroda BNP Paribas Corporate Bond Fund,4.4,6.7940407
HDFC Hybrid Debt Fund,8.4,6.783613
HDFC Dynamic Debt Fund,6.1,6.7822714
SBI Magnum Income Fund,7.8,6.777955
Aditya Birla SL Money Manager Fund,6.4,6.760769
HDFC Banking and PSU Debt Fund,7.2,6.7535663
Nippon India Equity Savings Fund,1.3,6.744713
Nippon India Money Market Fund,6.3,6.733921
AXIS Short Term Fund,7.4,6.7297544
Franklin India Banking & PSU Debt Fund,7.2,6.729469
UTI-Overnight Fund,4.6,6.726705
Aditya Birla SL Short Term Fund,7.6,6.7134857
Kotak Medium Term Fund,6.6,6.703734
Aditya Birla SL Low Duration Fund,7.0,6.690894
HDFC Short Term Debt Fund,7.3,6.6878843
Kotak Equity Arbitrage Fund,5.6,6.665226
Invesco India Gilt Fund,6.7,6.659572
DSP Ultra Short Fund,5.5,6.65393
UTI-Dynamic Bond Fund,6.3,6.645626
SBI Magnum Ultra Short Duration Fund,6.1,6.6035566
Franklin India Floating Rate Fund,6.2,6.596033
Invesco India Credit Risk Fund,3.5,6.5954523
DSP Short Term Fund,6.7,6.5842543
Invesco India Ultra Short Term Fund,6.0,6.5716224
Franklin India Savings Fund,6.1,6.5651875
HDFC Income Fund,6.1,6.554142
Union Liquid Fund,4.6,6.5512695
ICICI Pru Liquid Fund,5.3,6.5221605
HSBC Conservative Hybrid Fund,7.5,6.477478
Tata Short Term Bond Fund,5.8,6.46775
Union Dynamic Bond Fund,6.0,6.4658613
Sundaram Banking & PSU Debt Fund,6.1,6.464335
SBI Magnum Medium Duration Fund,7.9,6.4336424
DSP Regular Savings Fund,6.0,6.388336
IDBI Equity Savings Fund,7.2,6.3848796
UTI-Money Market Fund,6.2,6.3830442
HSBC Short Duration Fund,6.7,6.3782845
DSP Arbitrage Fund,5.4,6.3714304
Edelweiss Arbitrage Fund,5.7,6.3695335
LIC MF Debt Hybrid Fund,6.7,6.3561363
Baroda BNP Paribas Short Duration Fund,6.7,6.3456717
Kotak Bond Fund,7.7,6.341872
Kotak Bond – Short Term Fund,7.2,6.336126
HDFC Overnight Fund,4.6,6.313427
ICICI Pru Bond Fund,7.3,6.2941313
Canara Robeco Income Fund,7.0,6.2745414
Invesco India Short Term Fund,6.8,6.271781
SBI Short Term Debt Fund,6.8,6.2685823
LIC MF Bond Fund,6.2,6.2488613
Nippon India Income Fund,7.9,6.205261
HDFC Liquid Fund,5.3,6.1598043
AXIS Treasury Advantage Fund,6.6,6.1588492
Canara Robeco Short Duration Fund,6.5,6.0982847
SBI Savings Fund,6.2,6.0668306
Invesco India Arbitrage Fund,5.6,6.05849
HDFC Money Market Fund,6.3,6.056793
JM Medium to Long Duration Fund,3.1,6.0501013
Invesco India Money Market Fund,5.8,6.0070114
HDFC Low Duration Fund,6.7,5.996152
Kotak Money Market Fund,6.1,5.990986
PGIM India Short Duration Fund,4.6,5.9823923
SBI Overnight Fund,4.6,5.937015
Nippon India Low Duration Fund,6.5,5.9295063
HSBC Medium Duration Fund,6.7,5.9222174
Canara Robeco Ultra Short Term Fund,5.3,5.9178205
Sundaram Liquid Fund,3.3,5.878503
Baroda BNP Paribas Arbitrage Fund,5.6,5.8773537
ICICI Pru Money Market Fund,6.1,5.8615637
Sundaram Short Duration Fund,4.8,5.8516636
Bank of India Ultra Short Duration Fund,5.7,5.8239546
DSP Low Duration Fund,6.3,5.82266
Nippon India Arbitrage Fund,5.7,5.8206997
SBI Magnum Low Duration Fund,6.4,5.8128448
UTI-Liquid – Cash Plan – Direct Growth,5.3,5.7507305
Baroda BNP Paribas Low Duration Fund,6.5,5.7379856
Sundaram Debt Oriented Hybrid Fund,6.2,5.7379646
HSBC Medium to Long Duration Fund,6.5,5.737892
DSP Savings Fund,5.9,5.737032
Mahindra Manulife Liquid Fund,5.4,5.7163296
IDBI Ultra Short Term Fund,5.9,5.7153506
ICICI Pru Floating Interest Fund,7.2,5.704185
AXIS Arbitrage Fund,5.6,5.702906
DSP Bond Fund,4.9,5.695545
LIC MF Equity Hybrid Fund,8.3,5.6908817
HSBC Arbitrage Fund,5.5,5.663993
Aditya Birla SL Liquid Fund,5.4,5.6451797
Quantum Liquid Fund,4.9,5.6142774
IDBI Short Term Bond Fund,6.9,5.5843725
Edelweiss Money Market Fund,7.3,5.5731535
Tata Treasury Advantage Fund,5.2,5.5706944
Kotak Low Duration Fund,6.9,5.568121
ICICI Pru Equity – Arbitrage Fund,5.5,5.557388
HSBC Money Market Fund,6.0,5.5282636
LIC MF Savings Fund,5.6,5.5246553
ICICI Pru Savings Fund,6.7,5.5110974
Motilal Oswal Ultra Short Term Fund,1.8,5.5060363
HDFC Medium Term Debt Fund,7.4,5.4766555
UTI-Treasury Advantage Fund,4.8,5.4441004
Nippon India Credit Risk Fund,4.4,5.4035463
Mirae Asset Savings Fund,5.9,5.3990664
AXIS Liquid Fund,5.4,5.3826356
ICICI Pru Credit Risk Fund,8.1,5.37449
Navi Ultra Short Term Fund,13.3,5.354118
Invesco India Treasury Advantage Fund,6.4,5.351872
Edelweiss Liquid Fund,5.4,5.3198414
Kotak Liquid Fund,5.3,5.312414
Bank of India Short Term Income – Direct Growth,4.0,5.3046193
SBI Credit Risk Fund,7.0,5.2946405
Indiabulls Arbitrage Fund,4.5,5.1685667
AXIS Credit Risk Fund,6.8,5.1417074
Aditya Birla SL Credit Risk Fund,7.2,5.13912
Canara Robeco Savings Fund,5.9,5.109872
Aditya Birla SL Arbitrage Fund,5.5,5.0940924
UTI-Banking & PSU Debt Fund,5.6,5.0537367
UTI-Arbitrage Fund,5.5,5.033697
DSP Credit Risk Fund,4.5,5.016606
Baroda BNP Paribas Liquid Fund,5.4,5.0098205
PGIM India Arbitrage Fund,5.2,5.0075016
IIFL Liquid Fund,4.8,4.9018173
Nippon India Liquid Fund,5.4,4.892537
IDBI Liquid Fund,5.4,4.878846
Kotak Credit Risk Fund,6.4,4.8171844
Franklin India Liquid Fund,5.4,4.810383
JM Liquid Fund,5.3,4.799752
Baroda BNP Paribas Medium Duration Fund,3.5,4.7994385
Mirae Asset Cash Management Fund,5.3,4.7767134
Sundaram Arbitrage Fund,2.8,4.771264
UTI-Medium Term Fund,4.6,4.733491
LIC MF Liquid Fund,5.3,4.7193937
JM Arbitrage Fund,4.5,4.6722035
SBI Arbitrage Opportunities Fund,5.4,4.668804
HDFC Arbitrage Fund,5.2,4.6599298
PGIM India Low Duration Fund,2.0,4.5810776
HSBC Low Duration Fund,5.8,4.5306873
Bank of India Liquid Fund,5.3,4.5224924
Tata Liquid Fund,5.3,4.5022154
PGIM India Liquid Fund,5.4,4.487483
HDFC Credit Risk Debt Fund,7.7,4.4811196
HSBC Liquid Fund,5.3,4.4248505
DSP Liquidity Fund,5.3,4.415249
Nippon India Strategic Debt Fund,-0.9,4.295595
Canara Robeco Liquid Fund,5.1,4.284561
Sundaram Medium Term Bond Fund,5.3,4.2539697
Invesco India Liquid Fund,5.3,4.170981
Indiabulls Liquid Fund,5.2,4.121751
Sundaram Low Duration Fund,1.8,4.068935
Baroda BNP Paribas Credit Risk Fund,7.6,3.9977531
HSBC Credit Risk Fund,5.1,3.9396605
UTI-Credit Risk Fund,-0.9,3.9148703
IDBI Credit Risk Fund,3.7,3.7353945
Bank of India Credit Risk Fund,-4.1,2.0058386
